time,chi2,lnr,chi2_n,lnr_n,cyber_score,attack_stage,is_attack,Unnamed: 0,1,2,3,4,5,6,7,8,9,10,11,12,13,14,15,16,17,18,19,20,21,22,23,24,25,26,27,28,29,30,31,32,33,34,35,36,37,38,39,40,41,42,43,44,45,46,47,48,49,50,51,52,53,54,hmm_score,hmm_detect
0,8863332.270760212,2049.182618899128,0.0043159761331715,0.0625643477581622,0.270517800673861,0,0,1.0,-16.9,-4.48,0.0,0.0,0.0,0.0,0.0,0.0,0.0,0.0,0.0,0.0,0.0,-1.0,0.0,0.0,0.0,0.0,0.0,0.0,16.9,4.48,0.0,0.0,0.0,0.0,0.0,0.0,0.0,0.0,0.0,0.0,0.0,1.0,0.0,0.0,0.0,0.0,0.0,0.0,-21.38,16.9,0.0,0.0,4.48,0.0,-1.0,1.0,0.0,0.0,0.0,0.0,0.0,0.0,119.50202673003717,0
1,1168642.297245787,547.92756874886,0.0002916825630362,0.005595548923377,0.2998826895034506,0,0,2.0,0.0,0.0,0.0,0.0,0.0,0.0,0.0,0.0,0.0,0.0,0.0,0.0,0.0,-5.68,0.0,0.0,-3.7,0.0,0.0,-2.87,0.0,0.0,0.0,0.0,0.0,0.0,0.0,0.0,0.0,0.0,0.0,0.0,0.0,5.68,0.0,0.0,3.7,0.0,0.0,2.87,0.0,0.0,0.0,0.0,0.0,0.0,-5.68,5.68,-3.7,0.0,0.0,0.0,-2.87,6.57,13.165630559348052,0
2,7222994.195332728,1340.5721259680652,0.0034580855628545,0.0356743875079256,0.4828911218392757,0,0,3.0,0.0,0.0,0.0,0.0,0.0,0.0,0.0,0.0,0.0,0.0,0.0,0.0,0.0,0.0,0.0,-11.83,12.83,5.21,0.0,9.95191891891892,0.0,0.0,0.0,0.0,0.0,0.0,0.0,0.0,0.0,0.0,0.0,0.0,0.0,0.0,0.0,11.83,-12.83,-5.21,0.0,-9.95191891891892,0.0,0.0,0.0,0.0,0.0,0.0,0.0,0.0,1.0,17.04,-5.21,0.0,9.95191891891892,-22.78191891891892,13.40475714373444,0
3,6380822.774261693,1216.1927859956877,0.0030176331149412,0.0309545088987709,0.1021173868497445,0,0,4.0,0.0,0.0,0.0,0.0,0.0,0.0,0.0,0.0,0.0,0.0,0.0,0.0,0.0,0.0,0.0,-11.83,11.83,5.21,0.0,9.176243243243244,0.0,0.0,0.0,0.0,0.0,0.0,0.0,0.0,0.0,0.0,0.0,0.0,0.0,0.0,0.0,11.83,-11.83,-5.21,0.0,-9.176243243243244,0.0,0.0,0.0,0.0,0.0,0.0,0.0,0.0,0.0,17.04,-5.21,0.0,9.176243243243244,-21.00624324324324,14.77940411712647,0
4,1765292.166993496,769.0995758995205,0.0006037281740631,0.0139884622940867,0.2853397141514633,0,0,5.0,0.0,0.0,0.0,0.0,0.0,0.0,0.0,0.0,0.0,3.97,-5.03,0.0,0.0,0.0,0.0,0.0,3.7,0.0,0.0,0.0,0.0,0.0,0.0,0.0,0.0,0.0,0.0,0.0,0.0,-3.97,5.03,0.0,0.0,0.0,0.0,0.0,-3.7,0.0,0.0,0.0,0.0,0.0,0.0,0.0,3.97,-9.0,0.0,0.0,3.7,0.0,5.03,0.0,0.0,-3.7,14.89454295868395,0
5,610927.7930406749,400.4723607859102,0.0,0.0,0.2447862255462015,0,0,6.0,0.0,0.0,0.0,0.0,0.0,0.0,0.0,0.0,0.0,0.0,0.0,0.0,0.0,0.0,0.0,0.0,3.7,0.0,0.0,2.87,0.0,0.0,0.0,0.0,0.0,0.0,0.0,0.0,0.0,0.0,0.0,0.0,0.0,0.0,0.0,0.0,-3.7,0.0,0.0,-2.87,0.0,0.0,0.0,0.0,0.0,0.0,0.0,0.0,3.7,0.0,0.0,0.0,2.87,-6.57,15.378900239298654,0
6,55993119.92095967,4854.039473368709,0.0289646756981149,0.169001509043083,0.56969722690454,0,0,7.0,0.0,0.0,0.0,0.0,0.0,0.0,0.0,0.0,0.0,0.0,0.0,17.58104529616725,-17.58104529616725,0.0,0.0,0.0,-3.7,0.0,-33.92814814154718,3.7,0.0,0.0,0.0,0.0,0.0,0.0,0.0,0.0,0.0,0.0,0.0,-17.58104529616725,17.58104529616725,0.0,0.0,0.0,3.7,0.0,33.92814814154718,-3.7,0.0,0.0,0.0,0.0,0.0,0.0,0.0,0.0,-3.7,0.0,0.0,-51.50919343771443,55.20919343771443,0.0,16.03268795111807,0
7,16358040.569550227,2918.219182245505,0.0082356800485567,0.095542068067844,0.1637936947888933,0,0,8.0,0.0,0.0,0.0,0.0,0.0,0.0,0.0,0.0,0.0,0.0,0.0,0.0,-17.58104529616725,0.0,0.0,0.0,-3.7,0.0,-11.44599303135888,3.7,0.0,0.0,0.0,0.0,0.0,0.0,0.0,0.0,0.0,0.0,0.0,0.0,17.58104529616725,0.0,0.0,0.0,3.7,0.0,11.44599303135888,-3.7,0.0,0.0,0.0,0.0,0.0,-17.58104529616725,0.0,0.0,-3.7,0.0,0.0,-11.44599303135888,32.72703832752613,0.0,18.88238042763072,0
8,11469235.082584264,2368.3382161114296,0.0056788533856817,0.0746754883753168,0.3871582366807067,0,0,9.0,0.0,0.0,0.0,0.0,0.0,0.0,0.0,0.0,0.0,0.0,0.0,-5.022876852145145,-17.58104529616725,0.0,0.0,0.0,-3.7,0.0,-5.022876852145145,3.7,0.0,0.0,0.0,0.0,0.0,0.0,0.0,0.0,0.0,0.0,0.0,5.022876852145145,17.58104529616725,0.0,0.0,0.0,3.7,0.0,5.022876852145145,-3.7,0.0,0.0,0.0,0.0,0.0,-22.60392214831239,0.0,0.0,-3.7,0.0,0.0,0.0,26.30392214831239,0.0,18.972753189363594,0
9,22237880.21027356,3358.636293987999,0.011310813801968,0.112254773773476,0.1499970258734617,0,0,10.0,0.0,0.0,0.0,0.0,0.0,0.0,0.0,0.0,0.0,0.0,0.0,3.91,-17.58104529616725,0.0,0.0,0.0,-3.7,0.0,-16.44599303135888,3.7,0.0,0.0,0.0,0.0,0.0,0.0,0.0,0.0,0.0,0.0,0.0,-3.91,17.58104529616725,0.0,0.0,0.0,3.7,0.0,16.44599303135888,-3.7,0.0,0.0,0.0,0.0,0.0,-13.67104529616725,0.0,0.0,-3.7,0.0,0.0,-20.35599303135889,37.72703832752613,0.0,19.362617197767378,0
10,9691599.69827744,1943.753428386694,0.0047491568453747,0.0585635789713955,0.1554329776625785,0,0,11.0,0.0,0.0,0.0,0.0,0.0,0.0,0.0,0.0,0.0,0.0,0.0,-8.950766550522648,-17.58104529616725,0.0,0.0,0.0,-3.7,0.0,0.0,3.7,0.0,0.0,0.0,0.0,0.0,0.0,0.0,0.0,0.0,0.0,0.0,8.950766550522648,17.58104529616725,0.0,0.0,0.0,3.7,0.0,0.0,-3.7,0.0,0.0,0.0,0.0,0.0,-26.53181184668989,0.0,0.0,-3.7,0.0,0.0,8.950766550522648,21.28104529616725,0.0,20.057247614365135,0
11,21158794.34858452,2352.817540236784,0.0107464560033086,0.0740865183254947,0.1666899665205789,0,0,12.0,0.0,0.0,0.0,0.0,0.0,0.0,0.0,0.0,0.0,0.0,0.0,-25.59254397212544,-17.58104529616725,0.0,0.0,0.0,-3.7,0.0,21.28104529616725,3.7,0.0,0.0,0.0,0.0,0.0,0.0,0.0,0.0,0.0,0.0,0.0,25.59254397212544,17.58104529616725,0.0,0.0,0.0,3.7,0.0,-21.28104529616725,-3.7,0.0,0.0,0.0,0.0,0.0,-43.17358926829268,0.0,0.0,-3.7,0.0,0.0,46.87358926829268,0.0,0.0,18.786793063934606,0
12,780834.086658655,413.9882609221981,8.886034489834861e-05,0.0005128939255579,0.4808945904343301,0,0,13.0,0.0,0.0,0.0,0.0,0.0,0.0,0.0,0.0,0.0,0.0,0.0,0.0,0.0,-5.68,0.0,0.0,0.0,0.0,0.0,0.0,0.0,0.0,0.0,0.0,0.0,0.0,0.0,0.0,0.0,0.0,0.0,0.0,0.0,5.68,0.0,0.0,0.0,0.0,0.0,0.0,0.0,0.0,0.0,0.0,0.0,0.0,-5.68,5.68,0.0,0.0,0.0,0.0,0.0,0.0,18.059496526441507,0
13,1423051.8171644476,748.5295820198405,0.0004247377736703,0.0132078835088583,0.0499624754155139,0,0,14.0,0.0,0.0,0.0,0.0,0.0,0.0,0.0,0.0,0.0,0.0,0.0,-3.91,0.0,0.0,0.0,0.0,0.0,0.0,5.0,0.0,0.0,0.0,0.0,0.0,0.0,0.0,0.0,0.0,0.0,0.0,0.0,3.91,0.0,0.0,0.0,0.0,0.0,0.0,-5.0,0.0,0.0,0.0,0.0,0.0,0.0,-3.91,0.0,0.0,0.0,0.0,0.0,8.91,-5.0,0.0,19.478067886565107,0
14,1783817.256806122,588.9024937188339,0.0006134167255285,0.0071504427821195,0.3518498813839468,0,0,15.0,0.0,0.0,0.0,0.0,0.0,0.0,0.0,0.0,0.0,0.0,0.0,-3.91,0.0,-5.68,0.0,0.0,0.0,0.0,5.0,0.0,0.0,0.0,0.0,0.0,0.0,0.0,0.0,0.0,0.0,0.0,0.0,3.91,0.0,5.68,0.0,0.0,0.0,0.0,-5.0,0.0,0.0,0.0,0.0,0.0,0.0,-3.91,-5.68,5.68,0.0,0.0,0.0,8.91,-5.0,0.0,20.27474003643748,0
15,11216379.414200244,2131.463934124484,0.0055466108334862,0.0656867137375244,0.0809011381444226,0,0,16.0,20.24653465346535,4.48,-1.0,-1.122772277227723,-1.138613861386139,0.0,0.0,0.0,0.0,0.0,0.0,0.0,0.0,0.0,0.0,0.0,0.0,0.0,0.0,0.0,-20.24653465346535,-4.48,1.0,1.122772277227723,1.138613861386139,0.0,0.0,0.0,0.0,0.0,0.0,0.0,0.0,0.0,0.0,0.0,0.0,0.0,0.0,0.0,24.72653465346535,-23.50792079207921,1.0,1.122772277227723,-3.341386138613861,0.0,0.0,0.0,0.0,0.0,0.0,0.0,0.0,0.0,20.83879379686935,0
16,26695338.91740697,3427.559533393812,0.0136420477406978,0.114870234857426,0.0456574195669155,0,0,17.0,30.06730434782609,4.48,-3.934608695652174,-4.417669565217391,-4.48,0.0,0.0,0.0,0.0,0.0,0.0,0.0,0.0,0.0,0.0,0.0,0.0,0.0,0.0,0.0,-30.06730434782609,-4.48,3.934608695652174,4.417669565217391,4.48,0.0,0.0,0.0,0.0,0.0,0.0,0.0,0.0,0.0,0.0,0.0,0.0,0.0,0.0,0.0,34.54730434782608,-42.89958260869565,3.934608695652174,4.417669565217391,0.0,0.0,0.0,0.0,0.0,0.0,0.0,0.0,0.0,0.0,17.947681466620004,0
17,10770478.57204356,2432.7926361211908,0.0053134063901382,0.0771213691649809,0.0434363348893796,0,0,18.0,16.9,0.0,-5.05,-5.67,-5.75,0.0,0.0,0.0,0.0,0.0,0.0,0.0,0.0,0.0,0.0,0.0,0.0,0.0,0.0,0.0,-16.9,0.0,5.05,5.67,5.75,0.0,0.0,0.0,0.0,0.0,0.0,0.0,0.0,0.0,0.0,0.0,0.0,0.0,0.0,0.0,16.9,-33.37,5.05,5.67,5.75,0.0,0.0,0.0,0.0,0.0,0.0,0.0,0.0,0.0,18.819006281741128,0
18,82716658.36463848,6315.287840754148,0.0429409845942927,0.2244521563404272,0.4696033954563761,0,0,19.0,16.9,-16.9,-24.10022321428572,-27.0590625,-27.44084821428572,0.0,0.0,0.0,0.0,0.0,0.0,0.0,0.0,0.0,0.0,0.0,0.0,0.0,0.0,0.0,-16.9,16.9,24.10022321428572,27.0590625,27.44084821428572,0.0,0.0,0.0,0.0,0.0,0.0,0.0,0.0,0.0,0.0,0.0,0.0,0.0,0.0,0.0,0.0,-95.50013392857144,24.10022321428572,27.0590625,44.34084821428571,0.0,0.0,0.0,0.0,0.0,0.0,0.0,0.0,0.0,18.89044633606708,0
19,7671063.544441845,1655.9411340546762,0.0036924241270853,0.0476418367289048,0.601837176802684,0,0,20.0,16.9,4.48,0.0,0.0,0.0,0.0,0.0,0.0,0.0,0.0,0.0,0.0,0.0,0.0,0.0,0.0,0.0,0.0,0.0,0.0,-16.9,-4.48,0.0,0.0,0.0,0.0,0.0,0.0,0.0,0.0,0.0,0.0,0.0,0.0,0.0,0.0,0.0,0.0,0.0,0.0,21.38,-16.9,0.0,0.0,-4.48,0.0,0.0,0.0,0.0,0.0,0.0,0.0,0.0,0.0,20.667135067317375,0
20,11419902.350443378,1671.3623667561087,0.0056530525545325,0.0482270331640238,0.272179210631103,0,0,21.0,16.9,9.076964177292046,5.181845780206436,5.818032786885245,5.900121432908318,0.0,0.0,0.0,0.0,0.0,0.0,0.0,0.0,0.0,0.0,0.0,0.0,0.0,0.0,0.0,-16.9,-9.076964177292046,-5.181845780206436,-5.818032786885245,-5.900121432908318,0.0,0.0,0.0,0.0,0.0,0.0,0.0,0.0,0.0,0.0,0.0,0.0,0.0,0.0,0.0,25.97696417729205,0.0,-5.181845780206436,-5.818032786885245,-14.97708561020036,0.0,0.0,0.0,0.0,0.0,0.0,0.0,0.0,0.0,22.6620172438565,0
21,4458795.692777678,1223.0695768421926,0.0020124202665658,0.031215465565877,0.3710488919011809,0,0,22.0,0.0,4.48,5.05,5.67,5.75,0.0,0.0,0.0,0.0,0.0,0.0,0.0,0.0,0.0,0.0,0.0,0.0,0.0,0.0,0.0,0.0,-4.48,-5.05,-5.67,-5.75,0.0,0.0,0.0,0.0,0.0,0.0,0.0,0.0,0.0,0.0,0.0,0.0,0.0,0.0,0.0,4.48,16.47,-5.05,-5.67,-10.23,0.0,0.0,0.0,0.0,0.0,0.0,0.0,0.0,0.0,22.122114319791443,0
22,3330840.7577317124,1415.4655337375402,0.0014225041285366,0.0385164012489243,0.2649288464219032,0,0,23.0,0.0,0.0,0.0,0.0,0.0,0.0,0.0,0.0,0.0,0.0,5.03,0.0,0.0,0.0,0.0,0.0,0.0,5.21,0.0,0.0,0.0,0.0,0.0,0.0,0.0,0.0,0.0,0.0,0.0,0.0,-5.03,0.0,0.0,0.0,0.0,0.0,0.0,-5.21,0.0,0.0,0.0,0.0,0.0,0.0,0.0,5.03,0.0,0.0,0.0,5.21,-10.24,0.0,0.0,0.0,22.21418710649243,0
23,5286151.024680516,1472.5791531665288,0.0024451239562342,0.0406837173859463,0.0944618783876048,0,0,24.0,0.0,0.0,0.0,0.0,0.0,0.0,0.0,0.0,0.0,0.0,5.03,-5.03,0.0,0.0,0.0,0.0,0.0,5.21,6.432225063938619,0.0,0.0,0.0,0.0,0.0,0.0,0.0,0.0,0.0,0.0,0.0,-5.03,5.03,0.0,0.0,0.0,0.0,0.0,-5.21,-6.432225063938619,0.0,0.0,0.0,0.0,0.0,0.0,0.0,0.0,0.0,0.0,5.21,-10.24,11.46222506393862,-6.432225063938619,0.0,21.81355419955297,0
24,4860117.509577354,1525.0634180230386,0.00222231004932,0.0426753613283283,0.1566815663727533,0,0,25.0,0.0,0.0,0.0,0.0,0.0,0.0,0.0,0.0,0.0,0.0,5.03,-4.03,0.0,0.0,0.0,0.0,0.0,5.21,5.153452685421995,0.0,0.0,0.0,0.0,0.0,0.0,0.0,0.0,0.0,0.0,0.0,-5.03,4.03,0.0,0.0,0.0,0.0,0.0,-5.21,-5.153452685421995,0.0,0.0,0.0,0.0,0.0,0.0,1.0,0.0,0.0,0.0,5.21,-10.24,9.183452685421996,-5.153452685421995,0.0,21.75667238863788,0
25,4619865.455424955,1279.626681749469,0.0020966591393984,0.0333616633966973,0.1373008852210883,0,0,26.0,0.0,0.0,0.0,0.0,0.0,0.0,0.0,0.0,0.0,0.0,5.03,0.0,0.0,0.0,0.0,11.83,0.0,0.0,0.0,0.0,0.0,0.0,0.0,0.0,0.0,0.0,0.0,0.0,0.0,0.0,-5.03,0.0,0.0,0.0,0.0,-11.83,0.0,0.0,0.0,0.0,0.0,0.0,0.0,0.0,0.0,5.03,0.0,0.0,11.83,-11.83,-5.03,0.0,0.0,0.0,21.71327334815099,0
26,4658051.457824115,1142.2087963989215,0.0021166302733171,0.0281470052571271,0.0202234164573771,0,0,27.0,0.0,0.0,0.0,0.0,0.0,0.0,0.0,0.0,0.0,0.0,0.0,0.0,0.0,0.0,0.0,11.83,0.0,-5.21,0.0,0.0,0.0,0.0,0.0,0.0,0.0,0.0,0.0,0.0,0.0,0.0,0.0,0.0,0.0,0.0,0.0,-11.83,0.0,5.21,0.0,0.0,0.0,0.0,0.0,0.0,0.0,0.0,0.0,0.0,11.83,-17.04,5.21,0.0,0.0,0.0,21.840768938051475,0
27,12155261.388678024,2129.210677938596,0.0060376425327505,0.0656012084142522,0.103806539219017,0,0,28.0,0.0,0.0,0.0,0.0,0.0,0.0,0.0,0.0,0.0,0.0,5.03,0.0,0.0,0.0,0.0,23.25128598848368,0.0,-5.03,0.0,0.0,0.0,0.0,0.0,0.0,0.0,0.0,0.0,0.0,0.0,0.0,-5.03,0.0,0.0,0.0,0.0,-23.25128598848368,0.0,5.03,0.0,0.0,0.0,0.0,0.0,0.0,0.0,5.03,0.0,0.0,23.25128598848368,-28.28128598848368,0.0,0.0,0.0,0.0,22.520060798231228,0
28,15502695.528213486,2108.9888815951103,0.0077883378473834,0.0648338428371274,0.123268316093781,0,0,29.0,0.0,0.0,0.0,0.0,0.0,0.0,0.0,0.0,0.0,0.0,16.45128598848369,0.0,0.0,0.0,0.0,11.83,0.0,11.83,0.0,0.0,0.0,0.0,0.0,0.0,0.0,0.0,0.0,0.0,0.0,0.0,-16.45128598848369,0.0,0.0,0.0,0.0,-11.83,0.0,-11.83,0.0,0.0,0.0,0.0,0.0,0.0,0.0,16.45128598848369,0.0,0.0,11.83,0.0,-28.28128598848368,0.0,0.0,0.0,22.639206093730373,0
29,17236603.278541915,2252.8374722146723,0.0086951650015471,0.0702925298342855,0.1983644735014092,0,0,30.0,0.0,0.0,0.0,0.0,0.0,0.0,0.0,0.0,0.0,0.0,17.41673704414587,0.0,0.0,0.0,0.0,11.83,0.0,12.83,0.0,0.0,0.0,0.0,0.0,0.0,0.0,0.0,0.0,0.0,0.0,0.0,-17.41673704414587,0.0,0.0,0.0,0.0,-11.83,0.0,-12.83,0.0,0.0,0.0,0.0,0.0,0.0,0.0,17.41673704414587,0.0,0.0,11.83,1.0,-30.24673704414587,0.0,0.0,0.0,22.331310471368568,0
30,5479924.966913302,1173.1420630388443,0.0025464669905177,0.0293208438026401,0.4556104167696855,0,0,31.0,0.0,0.0,0.0,0.0,0.0,0.0,0.0,0.0,0.0,0.0,0.0,0.0,0.0,-5.68,0.0,11.83,0.0,-5.21,0.0,0.0,0.0,0.0,0.0,0.0,0.0,0.0,0.0,0.0,0.0,0.0,0.0,0.0,0.0,5.68,0.0,-11.83,0.0,5.21,0.0,0.0,0.0,0.0,0.0,0.0,0.0,0.0,-5.68,5.68,11.83,-17.04,5.21,0.0,0.0,0.0,-2.4493498251430736,0
31,4395455.802578947,1613.2993898644822,0.0019792937450637,0.0460236913334955,0.0207693786099398,0,0,32.0,0.0,0.0,0.0,0.0,0.0,0.0,0.0,0.0,0.0,0.0,5.03,0.0,0.0,-5.68,0.0,0.0,0.0,5.21,0.0,0.0,0.0,0.0,0.0,0.0,0.0,0.0,0.0,0.0,0.0,0.0,-5.03,0.0,0.0,5.68,0.0,0.0,0.0,-5.21,0.0,0.0,0.0,0.0,0.0,0.0,0.0,5.03,-5.68,5.68,0.0,5.21,-10.24,0.0,0.0,0.0,-2.5988786258121515,0
32,2768547.14973786,1290.3304994386067,0.0011284267116469,0.0337678459681635,0.024649771350599,0,0,33.0,0.0,0.0,5.05,0.0,0.0,-5.85,0.0,0.0,0.0,0.0,0.0,0.0,0.0,0.0,0.0,0.0,0.0,0.0,0.0,0.0,0.0,0.0,-5.05,0.0,0.0,5.85,0.0,0.0,0.0,0.0,0.0,0.0,0.0,0.0,0.0,0.0,0.0,0.0,0.0,0.0,0.0,5.05,-10.9,5.85,0.0,0.0,0.0,0.0,0.0,0.0,0.0,0.0,0.0,0.0,-2.658747255223643,0
33,2794624.4089727,1062.1484727698885,0.0011420650189766,0.0251089202421833,0.2428687682830707,0,0,34.0,0.0,0.0,5.05,0.0,0.0,-5.85,0.0,0.0,0.0,0.0,0.0,0.0,0.0,-5.68,0.0,0.0,0.0,0.0,0.0,0.0,0.0,0.0,-5.05,0.0,0.0,5.85,0.0,0.0,0.0,0.0,0.0,0.0,0.0,5.68,0.0,0.0,0.0,0.0,0.0,0.0,0.0,5.05,-10.9,5.85,0.0,0.0,-5.68,5.68,0.0,0.0,0.0,0.0,0.0,0.0,-2.7302247523794563,0
34,19100886.139802925,2934.411532328007,0.0096701778425206,0.0961565264401373,0.3460743023248269,0,0,35.0,0.0,0.0,0.0,-5.67,0.0,-5.85,23.75,0.0,0.0,-3.97,0.0,0.0,0.0,0.0,0.0,0.0,0.0,0.0,0.0,0.0,0.0,0.0,0.0,5.67,0.0,5.85,-23.75,0.0,0.0,3.97,0.0,0.0,0.0,0.0,0.0,0.0,0.0,0.0,0.0,0.0,0.0,-5.67,-5.85,35.27,-27.72,3.97,0.0,0.0,0.0,0.0,0.0,0.0,0.0,0.0,-3.4210684745118023,0
35,58732960.03632743,5471.743294304284,0.0303976016506127,0.1924417930313598,0.1693858874400467,0,0,36.0,0.0,0.0,-5.05,-10.56461538461538,0.0,-5.05,44.25213675213675,0.0,0.0,-7.397094017094017,0.0,0.0,0.0,0.0,0.0,0.0,0.0,0.0,0.0,0.0,0.0,0.0,5.05,10.56461538461538,0.0,5.05,-44.25213675213675,0.0,0.0,7.397094017094017,0.0,0.0,0.0,0.0,0.0,0.0,0.0,0.0,0.0,0.0,0.0,-15.61461538461539,0.0,59.86675213675214,-51.64923076923077,7.397094017094017,0.0,0.0,0.0,0.0,0.0,0.0,0.0,0.0,-9.811976634069335,0
36,23289902.341573637,3125.6565552181087,0.0118610173726386,0.103413787114191,0.178636356242035,0,0,37.0,0.0,0.0,5.67,-5.67,0.0,-12.41821782178218,23.75,0.0,0.0,-3.97,0.0,0.0,0.0,0.0,0.0,0.0,0.0,0.0,0.0,0.0,0.0,0.0,-5.67,5.67,0.0,12.41821782178218,-23.75,0.0,0.0,3.97,0.0,0.0,0.0,0.0,0.0,0.0,0.0,0.0,0.0,0.0,0.0,0.0,-18.08821782178218,41.83821782178218,-27.72,3.97,0.0,0.0,0.0,0.0,0.0,0.0,0.0,0.0,-7.400274121625046,0
37,25400507.55790805,3308.577408292652,0.0129648558678118,0.1103551667821215,0.1353907809924845,0,0,38.0,0.0,0.0,5.05,-6.05,0.0,-12.09206349206349,25.34171075837742,0.0,0.0,-4.236067019400353,0.0,0.0,0.0,0.0,0.0,0.0,0.0,0.0,0.0,0.0,0.0,0.0,-5.05,6.05,0.0,12.09206349206349,-25.34171075837742,0.0,0.0,4.236067019400353,0.0,0.0,0.0,0.0,0.0,0.0,0.0,0.0,0.0,0.0,0.0,-1.0,-17.14206349206349,43.48377425044092,-29.57777777777778,4.236067019400353,0.0,0.0,0.0,0.0,0.0,0.0,0.0,0.0,-7.734294334324595,0
38,62453544.98573674,5187.148631193026,0.0323434534185964,0.1816421516841977,0.0368110695123221,1,1,39.0,0.0,0.0,-32.48727520764558,-6.05,0.0,31.39171075837742,25.34171075837742,0.0,0.0,-4.236067019400353,0.0,0.0,0.0,0.0,0.0,0.0,0.0,0.0,0.0,0.0,0.0,0.0,32.48727520764558,6.05,0.0,-31.39171075837742,-25.34171075837742,0.0,0.0,4.236067019400353,0.0,0.0,0.0,0.0,0.0,0.0,0.0,0.0,0.0,0.0,0.0,-38.53727520764558,63.878985966023,0.0,-29.57777777777778,4.236067019400353,0.0,0.0,0.0,0.0,0.0,0.0,0.0,0.0,-8.001124692926663,0
39,20767034.48488054,3520.094992699233,0.0105415670856306,0.1183817194420922,0.1521802760099923,1,1,40.0,-16.9,0.0,0.0,5.67,5.75,5.85,0.0,0.0,0.0,0.0,0.0,0.0,0.0,0.0,0.0,0.0,0.0,0.0,0.0,0.0,16.9,0.0,0.0,-5.67,-5.75,-5.85,0.0,0.0,0.0,0.0,0.0,0.0,0.0,0.0,0.0,0.0,0.0,0.0,0.0,0.0,-16.9,28.32,5.85,-11.52,-5.75,0.0,0.0,0.0,0.0,0.0,0.0,0.0,0.0,0.0,-4.868653843251794,0
40,33680839.5214742,3325.026473903821,0.017295437969789,0.1109793668537409,0.1282790219287297,1,1,41.0,-16.9,0.0,0.0,0.0,5.75,0.0,23.75,0.0,0.0,-3.97,0.0,0.0,0.0,0.0,0.0,0.0,0.0,0.0,0.0,0.0,16.9,0.0,0.0,0.0,-5.75,0.0,-23.75,0.0,0.0,3.97,0.0,0.0,0.0,0.0,0.0,0.0,0.0,0.0,0.0,0.0,-16.9,22.65,0.0,23.75,-33.47,3.97,0.0,0.0,0.0,0.0,0.0,0.0,0.0,0.0,-5.579854022902613,0
41,24291239.19193451,2974.929900791192,0.0123847127342864,0.0976940951443104,0.3684096611207356,1,1,42.0,0.0,0.0,0.0,0.0,0.0,0.0,0.0,0.0,0.0,-9.046726342710995,11.46222506393862,5.0,17.50097186700767,0.0,0.0,0.0,0.0,0.0,5.0,0.0,0.0,0.0,0.0,0.0,0.0,0.0,0.0,0.0,0.0,9.046726342710995,-11.46222506393862,-5.0,-17.50097186700767,0.0,0.0,0.0,0.0,0.0,-5.0,0.0,0.0,0.0,0.0,0.0,-9.046726342710995,43.00992327365729,0.0,0.0,0.0,0.0,-11.46222506393862,0.0,-22.50097186700767,0.0,-6.505218173982685,0
42,33671652.3647632,3304.1496324782256,0.0172906331217955,0.1101871439870392,0.1448275716642187,1,1,43.0,0.0,0.0,0.0,0.0,0.0,0.0,0.0,0.0,0.0,-3.97,5.03,-16.68,7.68,0.0,0.0,0.0,0.0,0.0,26.32992327365729,0.0,0.0,0.0,0.0,0.0,0.0,0.0,0.0,0.0,0.0,3.97,-5.03,16.68,-7.68,0.0,0.0,0.0,0.0,0.0,-26.32992327365729,0.0,0.0,0.0,0.0,0.0,-3.97,0.0,0.0,0.0,0.0,0.0,-5.03,43.00992327365729,-34.00992327365729,0.0,-6.727095398685294,0
43,10137501.000437656,2396.4792771906023,0.0049823615293028,0.0757433698438629,0.0850310881757888,1,1,44.0,0.0,0.0,0.0,0.0,0.0,0.0,0.0,0.0,0.0,-3.97,5.03,0.0,7.68,0.0,0.0,0.0,0.0,0.0,5.0,0.0,0.0,0.0,0.0,0.0,0.0,0.0,0.0,0.0,0.0,3.97,-5.03,0.0,-7.68,0.0,0.0,0.0,0.0,0.0,-5.0,0.0,0.0,0.0,0.0,0.0,-3.97,16.68,0.0,0.0,0.0,0.0,-5.03,5.0,-12.68,0.0,-7.705143589119591,0
44,9362371.382891726,2446.7294754126297,0.0045769716894719,0.0776502366574881,0.1620306188702376,1,1,45.0,0.0,0.0,0.0,0.0,0.0,0.0,0.0,0.0,0.0,-3.97,5.03,3.91,7.68,0.0,0.0,0.0,0.0,0.0,0.0,0.0,0.0,0.0,0.0,0.0,0.0,0.0,0.0,0.0,0.0,3.97,-5.03,-3.91,-7.68,0.0,0.0,0.0,0.0,0.0,0.0,0.0,0.0,0.0,0.0,0.0,-3.97,20.59,0.0,0.0,0.0,0.0,-5.03,-3.91,-7.68,0.0,-7.935568094857601,0
45,11399029.590901377,2495.3707157343583,0.0056421361807338,0.0794960476239096,0.1631534415023681,1,1,46.0,0.0,0.0,0.0,0.0,0.0,0.0,0.0,0.0,0.0,-3.97,5.03,9.91576,7.68,0.0,0.0,0.0,0.0,0.0,-7.68,0.0,0.0,0.0,0.0,0.0,0.0,0.0,0.0,0.0,0.0,3.97,-5.03,-9.91576,-7.68,0.0,0.0,0.0,0.0,0.0,7.68,0.0,0.0,0.0,0.0,0.0,-3.97,26.59576,0.0,0.0,0.0,0.0,-5.03,-17.59576,0.0,0.0,-8.688286808750501,0
46,12198010.18587339,2548.0223436583296,0.0060599999909817,0.0814940425676898,0.3342625164674183,1,1,47.0,0.0,0.0,0.0,0.0,0.0,0.0,0.0,0.0,0.0,-3.97,5.03,10.69776,7.68,0.0,0.0,0.0,0.0,0.0,-8.68,0.0,0.0,0.0,0.0,0.0,0.0,0.0,0.0,0.0,0.0,3.97,-5.03,-10.69776,-7.68,0.0,0.0,0.0,0.0,0.0,8.68,0.0,0.0,0.0,0.0,0.0,-3.97,27.37776,0.0,0.0,0.0,0.0,-5.03,-19.37776,1.0,0.0,-13.045039822437934,0
47,20806848.27387566,2670.0316987967194,0.0105623895457437,0.0861239862991996,0.1686376169040291,1,1,48.0,0.0,0.0,-5.05,-5.67,0.0,0.0,23.75,0.0,0.0,-3.97,0.0,0.0,0.0,0.0,0.0,0.0,0.0,0.0,0.0,0.0,0.0,0.0,5.05,5.67,0.0,0.0,-23.75,0.0,0.0,3.97,0.0,0.0,0.0,0.0,0.0,0.0,0.0,0.0,0.0,0.0,0.0,-10.72,5.05,29.42,-27.72,3.97,0.0,0.0,0.0,0.0,0.0,0.0,0.0,0.0,-16.519297251596903,0
48,7692247.468601508,2526.9487634590846,0.0037035032387947,0.0806943539664895,0.3435709215982028,1,1,49.0,0.0,0.0,0.0,0.0,0.0,0.0,0.0,0.0,0.0,-3.97,5.03,0.0,0.0,0.0,0.0,0.0,0.0,0.0,0.0,2.87,0.0,0.0,0.0,0.0,0.0,0.0,0.0,0.0,0.0,3.97,-5.03,0.0,0.0,0.0,0.0,0.0,0.0,0.0,0.0,-2.87,0.0,0.0,0.0,0.0,-3.97,9.0,0.0,0.0,0.0,0.0,-5.03,0.0,2.87,-2.87,-17.15087534143615,0
49,209745495.43921825,11396.32833582583,0.1093765829121691,0.4172646793065698,0.738264393190701,1,1,50.0,16.9,17.64730434782609,0.0,0.0,16.9,0.0,69.80434782608695,0.0,0.0,-11.66834782608696,0.0,0.0,0.0,0.0,0.0,0.0,0.0,0.0,0.0,0.0,-16.9,-17.64730434782609,0.0,0.0,-16.9,0.0,-69.80434782608695,0.0,0.0,11.66834782608696,0.0,0.0,0.0,0.0,0.0,0.0,0.0,0.0,0.0,0.0,34.54730434782608,0.0,0.0,69.80434782608695,-116.02,11.66834782608696,0.0,0.0,0.0,0.0,0.0,0.0,0.0,0.0,-18.491013576211223,0
50,8774507.336785737,2487.8411921110123,0.0042695210307708,0.0792103214133119,0.4806029817789363,1,1,51.0,0.0,0.0,0.0,0.0,0.0,0.0,0.0,0.0,-1.8,-3.97,0.0,0.0,0.0,0.0,-9.09,0.0,0.0,0.0,0.0,0.0,0.0,0.0,0.0,0.0,0.0,0.0,0.0,0.0,1.8,3.97,0.0,0.0,0.0,0.0,9.09,0.0,0.0,0.0,0.0,0.0,0.0,0.0,0.0,-1.8,-3.97,3.97,-9.09,0.0,10.89,0.0,0.0,0.0,0.0,0.0,-89.7198435834971,0
51,14426007.06751509,2354.040733074923,0.0072252338803176,0.0741329353728346,0.4333445735970349,1,1,52.0,0.0,0.0,0.0,0.0,0.0,0.0,0.0,0.0,-1.8,0.0,0.0,0.0,0.0,0.0,-9.09,11.83,3.7,0.0,0.0,0.0,0.0,0.0,0.0,0.0,0.0,0.0,0.0,0.0,1.8,0.0,0.0,0.0,0.0,0.0,9.09,-11.83,-3.7,0.0,0.0,0.0,0.0,0.0,0.0,-1.8,0.0,0.0,-9.09,0.0,26.42,-11.83,0.0,0.0,0.0,-3.7,-89.06802039060689,0
52,12058663.665852306,2716.835226323788,0.0059871222913639,0.0879000607538241,0.4146764590659262,1,1,53.0,0.0,0.0,0.0,0.0,0.0,0.0,0.0,-4.78,-1.8,0.0,0.0,0.0,0.0,0.0,0.0,11.83,3.7,0.0,0.0,0.0,0.0,0.0,0.0,0.0,0.0,0.0,0.0,4.78,1.8,0.0,0.0,0.0,0.0,0.0,0.0,-11.83,-3.7,0.0,0.0,0.0,0.0,0.0,0.0,-6.58,0.0,0.0,4.78,0.0,17.33,-11.83,0.0,0.0,0.0,-3.7,-89.86025691791465,0
53,19300404.04112177,3009.1874870098573,0.0097745249455446,0.0989940831361317,0.041896164941841,1,1,54.0,0.0,0.0,0.0,0.0,0.0,0.0,0.0,-4.78,-2.746534653465347,0.0,0.0,0.0,0.0,0.0,-4.78,18.05083608360836,5.645654565456546,0.0,0.0,0.0,0.0,0.0,0.0,0.0,0.0,0.0,0.0,4.78,2.746534653465347,0.0,0.0,0.0,0.0,0.0,4.78,-18.05083608360836,-5.645654565456546,0.0,0.0,0.0,0.0,0.0,0.0,-7.526534653465347,0.0,0.0,0.0,0.0,31.22302530253025,-18.05083608360836,0.0,0.0,0.0,-5.645654565456546,-90.77191615588194,0
54,87411691.2310411,6753.934607308374,0.0453964689141124,0.2410976819630424,0.0289413283182343,1,1,55.0,0.0,0.0,0.0,0.0,0.0,0.0,0.0,4.78,-4.78,0.0,0.0,0.0,0.0,0.0,-33.229,31.41522222222222,9.825555555555557,0.0,0.0,0.0,0.0,0.0,0.0,0.0,0.0,0.0,0.0,-4.78,4.78,0.0,0.0,0.0,0.0,0.0,33.229,-31.41522222222222,-9.825555555555557,0.0,0.0,0.0,0.0,0.0,0.0,0.0,0.0,0.0,-38.009,0.0,79.24977777777778,-31.41522222222222,0.0,0.0,0.0,-9.825555555555557,-91.48546149741945,0
55,21939062.2622061,3265.410048762073,0.0111545331524307,0.1087170756256053,0.3713125968236854,1,1,56.0,0.0,0.0,0.0,0.0,0.0,0.0,0.0,-4.78,-2.944554455445545,0.0,0.0,0.0,0.0,0.0,-5.78,19.35226622662266,6.052695269526953,0.0,0.0,0.0,0.0,0.0,0.0,0.0,0.0,0.0,0.0,4.78,2.944554455445545,0.0,0.0,0.0,0.0,0.0,5.78,-19.35226622662266,-6.052695269526953,0.0,0.0,0.0,0.0,0.0,0.0,-7.724554455445545,0.0,0.0,-1.0,0.0,34.12951595159516,-19.35226622662266,0.0,0.0,0.0,-6.052695269526953,-86.87745807716239,0
56,10971049.524386616,3140.9538466131853,0.00541830423484,0.103994280292959,0.2773778095642384,1,1,57.0,0.0,0.0,0.0,0.0,0.0,0.0,0.0,-4.78,-1.8,-3.97,0.0,0.0,0.0,0.0,0.0,0.0,0.0,0.0,0.0,0.0,0.0,0.0,0.0,0.0,0.0,0.0,0.0,4.78,1.8,3.97,0.0,0.0,0.0,0.0,0.0,0.0,0.0,0.0,0.0,0.0,0.0,0.0,0.0,-6.58,-3.97,3.97,4.78,0.0,1.8,0.0,0.0,0.0,0.0,0.0,-87.91743930409677,0
57,25380310.242396776,3619.101848988128,0.0129542927486705,0.1221387770310889,0.1561442036939301,1,1,58.0,0.0,0.0,0.0,0.0,0.0,0.0,0.0,-13.89302530253025,-1.8,0.0,0.0,0.0,0.0,0.0,17.33,11.83,3.7,0.0,0.0,0.0,0.0,0.0,0.0,0.0,0.0,0.0,0.0,13.89302530253025,1.8,0.0,0.0,0.0,0.0,0.0,-17.33,-11.83,-3.7,0.0,0.0,0.0,0.0,0.0,0.0,-15.69302530253025,0.0,0.0,31.22302530253025,0.0,0.0,-11.83,0.0,0.0,0.0,-3.7,-89.64112915079612,0
58,37462080.2279876,3034.454153407771,0.0192730124678823,0.0999528886602859,0.329091941684099,1,1,59.0,0.0,0.0,0.0,0.0,0.0,0.0,0.0,4.78,-4.78,-10.54255555555556,0.0,0.0,0.0,0.0,-33.229,0.0,0.0,0.0,0.0,0.0,0.0,0.0,0.0,0.0,0.0,0.0,0.0,-4.78,4.78,10.54255555555556,0.0,0.0,0.0,0.0,33.229,0.0,0.0,0.0,0.0,0.0,0.0,0.0,0.0,0.0,-10.54255555555556,10.54255555555556,-38.009,0.0,38.009,0.0,0.0,0.0,0.0,0.0,-90.41743985919939,0
59,16888891.091080833,3170.2160995217946,0.0085133128508986,0.1051047081308113,0.4638447578717779,1,1,60.0,0.0,0.0,0.0,0.0,0.0,0.0,0.0,-8.318992069214131,-4.78,-10.54255555555556,0.0,0.0,0.0,0.0,-8.318992069214131,0.0,0.0,0.0,0.0,0.0,0.0,0.0,0.0,0.0,0.0,0.0,0.0,8.318992069214131,4.78,10.54255555555556,0.0,0.0,0.0,0.0,8.318992069214131,0.0,0.0,0.0,0.0,0.0,0.0,0.0,0.0,-13.09899206921413,-10.54255555555556,10.54255555555556,0.0,0.0,13.09899206921413,0.0,0.0,0.0,0.0,0.0,-93.31822272581287,0
60,13187162.130761543,3420.0213409625844,0.006577322693443,0.1145841796876869,0.0450153578177598,1,1,61.0,0.0,0.0,0.0,0.0,0.0,0.0,0.0,-5.726534653465347,-1.8,-3.97,0.0,0.0,0.0,0.0,1.8,0.0,0.0,0.0,0.0,0.0,0.0,0.0,0.0,0.0,0.0,0.0,0.0,5.726534653465347,1.8,3.97,0.0,0.0,0.0,0.0,-1.8,0.0,0.0,0.0,0.0,0.0,0.0,0.0,0.0,-7.526534653465347,-3.97,3.97,7.526534653465347,0.0,0.0,0.0,0.0,0.0,0.0,0.0,-93.0567325233057,0
61,13321844.15248337,3262.2304784307084,0.0066477608782033,0.1085964190439202,0.1624343057499084,1,1,62.0,0.0,0.0,0.0,0.0,0.0,0.0,0.0,-4.78,-2.944554455445545,-6.494378437843785,0.0,0.0,0.0,0.0,-5.78,0.0,0.0,0.0,0.0,0.0,0.0,0.0,0.0,0.0,0.0,0.0,0.0,4.78,2.944554455445545,6.494378437843785,0.0,0.0,0.0,0.0,5.78,0.0,0.0,0.0,0.0,0.0,0.0,0.0,0.0,-7.724554455445545,-6.494378437843785,6.494378437843785,-1.0,0.0,8.724554455445544,0.0,0.0,0.0,0.0,0.0,-92.920400908023,0
62,12418093.92356898,3222.086423664476,0.0061751029481571,0.1070730545895184,0.0183706463991365,1,1,63.0,0.0,0.0,0.0,0.0,0.0,0.0,0.0,0.0,0.0,0.0,0.0,-3.91,-7.68,0.0,0.0,0.0,0.0,0.0,0.0,2.87,0.0,0.0,0.0,0.0,0.0,0.0,0.0,0.0,0.0,0.0,0.0,3.91,7.68,0.0,0.0,0.0,0.0,0.0,0.0,-2.87,0.0,0.0,0.0,0.0,0.0,-11.59,0.0,0.0,0.0,0.0,0.0,3.91,10.55,-2.87,-94.30467418047337,0
63,15549544.773406316,3281.6721798528088,0.0078128398243109,0.1093341820091211,0.2027603066058185,1,1,64.0,0.0,0.0,0.0,0.0,0.0,0.0,0.0,0.0,0.0,0.0,0.0,-12.1601,-7.68,0.0,0.0,0.0,0.0,0.0,10.55,2.87,0.0,0.0,0.0,0.0,0.0,0.0,0.0,0.0,0.0,0.0,0.0,12.1601,7.68,0.0,0.0,0.0,0.0,0.0,-10.55,-2.87,0.0,0.0,0.0,0.0,0.0,-19.8401,0.0,0.0,0.0,0.0,0.0,22.7101,0.0,-2.87,-96.7813034837469,0
64,22178481.287330303,3319.692513850116,0.0112797483913412,0.1107769566788263,0.0878275632154854,1,1,65.0,0.0,0.0,0.0,0.0,0.0,0.0,0.0,0.0,0.0,0.0,0.0,7.68,-7.68,0.0,0.0,0.0,0.0,0.0,-14.82097186700767,2.87,0.0,0.0,0.0,0.0,0.0,0.0,0.0,0.0,0.0,0.0,0.0,-7.68,7.68,0.0,0.0,0.0,0.0,0.0,14.82097186700767,-2.87,0.0,0.0,0.0,0.0,0.0,0.0,0.0,0.0,0.0,0.0,0.0,-22.50097186700767,25.37097186700767,-2.87,-100.1284405755367,0
65,65714405.7901925,5654.503280049897,0.034048871208481,0.1993770681945959,0.0229862440491089,1,1,66.0,-36.06035219503418,-8.430730478589421,0.0,0.0,1.448362720403023,0.0,5.982367758186398,0.0,0.0,-1.0,0.0,0.0,0.0,0.0,0.0,0.0,0.0,0.0,0.0,0.0,36.06035219503418,8.430730478589421,0.0,0.0,-1.448362720403023,0.0,-5.982367758186398,0.0,0.0,1.0,0.0,0.0,0.0,0.0,0.0,0.0,0.0,0.0,0.0,0.0,-44.49108267362361,37.50871491543721,0.0,5.982367758186398,0.0,1.0,0.0,0.0,0.0,0.0,0.0,0.0,0.0,0.0,-102.723987192494,0
66,57037142.857509926,5417.906685285671,0.0295106957203763,0.1903988310784116,0.0594598985273302,1,1,67.0,-32.28803076646275,-7.430730478589421,0.0,0.0,1.448362720403023,0.0,5.982367758186398,0.0,0.0,-1.0,0.0,0.0,0.0,0.0,0.0,0.0,0.0,0.0,0.0,0.0,32.28803076646275,7.430730478589421,0.0,0.0,-1.448362720403023,0.0,-5.982367758186398,0.0,0.0,1.0,0.0,0.0,0.0,0.0,0.0,0.0,0.0,0.0,0.0,0.0,-39.71876124505218,33.73639348686578,0.0,5.982367758186398,-1.0,1.0,0.0,0.0,0.0,0.0,0.0,0.0,0.0,0.0,-102.11238196798922,0
67,31950393.8108256,3451.540092824259,0.0163904214492013,0.115780235903552,0.1175421544274575,1,1,68.0,0.0,4.48,0.0,0.0,5.75,0.0,23.75,0.0,0.0,-3.97,0.0,0.0,0.0,0.0,0.0,0.0,0.0,0.0,0.0,0.0,0.0,-4.48,0.0,0.0,-5.75,0.0,-23.75,0.0,0.0,3.97,0.0,0.0,0.0,0.0,0.0,0.0,0.0,0.0,0.0,0.0,4.48,5.75,0.0,23.75,-37.95,3.97,0.0,0.0,0.0,0.0,0.0,0.0,0.0,0.0,-102.33512628433748,0
68,19454976.37074384,3885.4976680041655,0.0098553656856342,0.1322478186775655,0.3768979834977375,1,1,69.0,0.0,0.0,0.0,0.0,0.0,0.0,0.0,0.0,0.0,-3.97,0.0,0.0,0.0,0.0,0.0,-11.83,-3.7,0.0,0.0,0.0,0.0,0.0,0.0,0.0,0.0,0.0,0.0,0.0,0.0,3.97,0.0,0.0,0.0,0.0,0.0,11.83,3.7,0.0,0.0,0.0,0.0,0.0,0.0,0.0,-3.97,3.97,0.0,0.0,-15.53,11.83,0.0,0.0,0.0,3.7,-106.23284859396446,0
69,501367394.99194497,17792.941516495946,0.2618937264644349,0.6599998291247543,0.230734559489723,1,1,70.0,-16.9,16.9,0.0,0.0,27.44084821428572,0.0,113.3426339285714,0.0,0.0,-18.94611607142857,0.0,0.0,0.0,0.0,0.0,0.0,0.0,0.0,0.0,0.0,16.9,-16.9,0.0,0.0,-27.44084821428572,0.0,-113.3426339285714,0.0,0.0,18.94611607142857,0.0,0.0,0.0,0.0,0.0,0.0,0.0,0.0,0.0,0.0,0.0,44.34084821428571,0.0,113.3426339285714,-176.6295982142857,18.94611607142857,0.0,0.0,0.0,0.0,0.0,0.0,0.0,0.0,-110.15427201059734,0
70,20263522.769932825,3541.914182005713,0.0102782323750801,0.1192097020065569,0.2303374892157499,1,1,71.0,0.0,0.0,0.0,0.0,0.0,0.0,0.0,0.0,0.0,0.0,0.0,-3.91,-13.68576,0.0,0.0,0.0,0.0,0.0,-3.91,5.11434,0.0,0.0,0.0,0.0,0.0,0.0,0.0,0.0,0.0,0.0,0.0,3.91,13.68576,0.0,0.0,0.0,0.0,0.0,3.91,-5.11434,0.0,0.0,0.0,0.0,0.0,-17.59576,0.0,0.0,0.0,0.0,0.0,0.0,22.7101,-5.11434,-18.84667292733681,0
71,17096797.469519522,3698.3525046821655,0.0086220470955297,0.1251461372136951,0.0701667420368251,1,1,72.0,0.0,0.0,0.0,0.0,0.0,0.0,0.0,0.0,0.0,0.0,0.0,0.0,-7.68,0.0,0.0,0.0,0.0,0.0,-5.0,2.87,0.0,0.0,0.0,0.0,0.0,0.0,0.0,0.0,0.0,0.0,0.0,0.0,7.68,0.0,0.0,0.0,0.0,0.0,5.0,-2.87,0.0,0.0,0.0,0.0,0.0,-7.68,0.0,0.0,0.0,0.0,0.0,-5.0,15.55,-2.87,-21.836766734307993,0
72,20579252.08342056,3748.6027029042,0.0104433576043674,0.1270530040273206,0.0348789262754149,1,1,73.0,0.0,0.0,0.0,0.0,0.0,0.0,0.0,0.0,0.0,0.0,0.0,3.91,-7.68,0.0,0.0,0.0,0.0,0.0,-10.0,2.87,0.0,0.0,0.0,0.0,0.0,0.0,0.0,0.0,0.0,0.0,0.0,-3.91,7.68,0.0,0.0,0.0,0.0,0.0,10.0,-2.87,0.0,0.0,0.0,0.0,0.0,-3.77,0.0,0.0,0.0,0.0,0.0,-13.91,20.55,-2.87,-21.944306653475614,0
73,16938305.921890296,3884.8513089917847,0.008539156619339,0.1322232910021731,0.1234296310162309,1,1,74.0,0.0,0.0,0.0,0.0,0.0,0.0,0.0,0.0,0.0,0.0,0.0,3.91,7.68,0.0,0.0,0.0,3.7,0.0,0.0,0.0,0.0,0.0,0.0,0.0,0.0,0.0,0.0,0.0,0.0,0.0,0.0,-3.91,-7.68,0.0,0.0,0.0,-3.7,0.0,0.0,0.0,0.0,0.0,0.0,0.0,0.0,11.59,0.0,0.0,3.7,0.0,0.0,-3.91,-7.68,-3.7,-22.17729406107237,0
74,18857808.183268003,3933.492549313514,0.0095430489964082,0.1340691019685946,0.0252777027244427,1,1,75.0,0.0,0.0,0.0,0.0,0.0,0.0,0.0,0.0,0.0,0.0,0.0,9.91576,7.68,0.0,0.0,0.0,3.7,0.0,-7.68,0.0,0.0,0.0,0.0,0.0,0.0,0.0,0.0,0.0,0.0,0.0,0.0,-9.91576,-7.68,0.0,0.0,0.0,-3.7,0.0,7.68,0.0,0.0,0.0,0.0,0.0,0.0,17.59576,0.0,0.0,3.7,0.0,0.0,-17.59576,0.0,-3.7,-22.80243775086024,0
75,18853417.8973276,3987.344892088456,0.0095407528935708,0.1361126609774522,0.100651814856152,1,1,76.0,0.0,0.0,0.0,0.0,0.0,0.0,0.0,0.0,0.0,0.0,0.0,9.13376,7.68,0.0,0.0,0.0,3.7,0.0,-6.68,0.0,0.0,0.0,0.0,0.0,0.0,0.0,0.0,0.0,0.0,0.0,0.0,-9.13376,-7.68,0.0,0.0,0.0,-3.7,0.0,6.68,0.0,0.0,0.0,0.0,0.0,0.0,16.81376,0.0,0.0,3.7,0.0,0.0,-15.81376,-1.0,-3.7,-21.056138761694207,0
76,24459479.783883788,4197.483245813575,0.0124727019235516,0.1440868753520456,0.0419861677090013,1,1,77.0,0.0,0.0,0.0,0.0,0.0,0.0,0.0,0.0,0.0,0.0,0.0,-3.91,-13.68576,0.0,0.0,0.0,-6.5934,0.0,-3.91,0.0,0.0,0.0,0.0,0.0,0.0,0.0,0.0,0.0,0.0,0.0,0.0,3.91,13.68576,0.0,0.0,0.0,6.5934,0.0,3.91,0.0,0.0,0.0,0.0,0.0,0.0,-17.59576,0.0,0.0,-6.5934,0.0,0.0,0.0,17.59576,6.5934,-22.504673886320067,0
77,28029173.927189067,4200.55258361255,0.0143396383742339,0.144203348890375,0.1647369403600719,1,1,78.0,0.0,0.0,0.0,0.0,0.0,0.0,0.0,0.0,0.0,0.0,0.0,7.68,-7.68,0.0,0.0,0.0,-3.7,0.0,-14.82097186700767,0.0,0.0,0.0,0.0,0.0,0.0,0.0,0.0,0.0,0.0,0.0,0.0,-7.68,7.68,0.0,0.0,0.0,3.7,0.0,14.82097186700767,0.0,0.0,0.0,0.0,0.0,0.0,0.0,0.0,0.0,-3.7,0.0,0.0,-22.50097186700767,22.50097186700767,3.7,-24.927427096534522,0
78,21177144.674627826,4259.700662347856,0.0107560531539879,0.1464478675673302,0.4785909785029633,1,1,79.0,0.0,0.0,0.0,0.0,0.0,0.0,0.0,0.0,0.0,0.0,0.0,0.0,-7.68,0.0,0.0,0.0,-3.7,0.0,-5.0,0.0,0.0,0.0,0.0,0.0,0.0,0.0,0.0,0.0,0.0,0.0,0.0,0.0,7.68,0.0,0.0,0.0,3.7,0.0,5.0,0.0,0.0,0.0,0.0,0.0,0.0,-7.68,0.0,0.0,-3.7,0.0,0.0,-5.0,12.68,3.7,-29.64881596366363,0
79,20866582.494664617,3699.719625797381,0.0105936303158677,0.1251980159719299,0.1011669483064786,1,1,80.0,0.0,0.0,0.0,0.0,0.0,0.0,0.0,0.0,0.0,0.0,0.0,3.91,7.68,0.0,0.0,0.0,13.60104529616725,0.0,0.0,7.68,0.0,0.0,0.0,0.0,0.0,0.0,0.0,0.0,0.0,0.0,0.0,-3.91,-7.68,0.0,0.0,0.0,-13.60104529616725,0.0,0.0,-7.68,0.0,0.0,0.0,0.0,0.0,11.59,0.0,0.0,13.60104529616725,0.0,0.0,-3.91,0.0,-21.28104529616725,-30.978596280731054,0
80,20585100.49772779,3818.680412617041,0.010446416302791,0.1297122743138942,0.3227871029007852,1,1,81.0,0.0,0.0,0.0,0.0,0.0,0.0,0.0,0.0,0.0,0.0,0.0,3.91,7.68,0.0,0.0,0.0,12.31184668989547,0.0,0.0,6.68,0.0,0.0,0.0,0.0,0.0,0.0,0.0,0.0,0.0,0.0,0.0,-3.91,-7.68,0.0,0.0,0.0,-12.31184668989547,0.0,0.0,-6.68,0.0,0.0,0.0,0.0,0.0,11.59,0.0,0.0,12.31184668989547,0.0,0.0,-3.91,-1.0,-18.99184668989547,-36.06524770946912,0
81,21051527.835982747,3871.332040541015,0.0106903560254746,0.1317102692576745,0.019004679240568,1,1,82.0,0.0,0.0,0.0,0.0,0.0,0.0,0.0,0.0,0.0,0.0,0.0,4.692,7.68,0.0,0.0,0.0,12.31184668989547,0.0,-1.0,6.68,0.0,0.0,0.0,0.0,0.0,0.0,0.0,0.0,0.0,0.0,0.0,-4.692,-7.68,0.0,0.0,0.0,-12.31184668989547,0.0,1.0,-6.68,0.0,0.0,0.0,0.0,0.0,12.372,0.0,0.0,12.31184668989547,0.0,0.0,-5.692,0.0,-18.99184668989547,-39.21824653990839,0
82,64812499.028001904,5673.191458467642,0.0335771774045151,0.2000862368843283,0.0941948074793848,1,1,83.0,0.0,0.0,0.0,0.0,0.0,0.0,0.0,0.0,0.0,0.0,0.0,-3.91,-13.68576,0.0,0.0,0.0,-29.27782926829268,0.0,-3.91,-17.59576,0.0,0.0,0.0,0.0,0.0,0.0,0.0,0.0,0.0,0.0,0.0,3.91,13.68576,0.0,0.0,0.0,29.27782926829268,0.0,3.91,17.59576,0.0,0.0,0.0,0.0,0.0,-17.59576,0.0,0.0,-29.27782926829268,0.0,0.0,0.0,0.0,46.87358926829268,-42.59589376723923,0
83,62009439.81174873,5660.734642346899,0.0321111881028663,0.1996135324950018,0.094197219747091,1,1,84.0,0.0,0.0,0.0,0.0,0.0,0.0,0.0,0.0,0.0,0.0,0.0,-3.91,-13.68576,0.0,0.0,0.0,-27.98863066202091,0.0,-3.91,-16.59576,0.0,0.0,0.0,0.0,0.0,0.0,0.0,0.0,0.0,0.0,0.0,3.91,13.68576,0.0,0.0,0.0,27.98863066202091,0.0,3.91,16.59576,0.0,0.0,0.0,0.0,0.0,-17.59576,0.0,0.0,-27.98863066202091,0.0,0.0,0.0,1.0,44.58439066202091,-43.264108900031744,0
84,52684515.36550857,5536.790343219789,0.0272342881081727,0.1949101625759571,0.2006568220706669,1,1,85.0,0.0,0.0,0.0,0.0,0.0,0.0,0.0,0.0,0.0,0.0,0.0,-3.91,-12.14976,0.0,0.0,0.0,-23.97922299651568,0.0,-2.91,-14.05976,0.0,0.0,0.0,0.0,0.0,0.0,0.0,0.0,0.0,0.0,0.0,3.91,12.14976,0.0,0.0,0.0,23.97922299651568,0.0,2.91,14.05976,0.0,0.0,0.0,0.0,0.0,-16.05976,0.0,0.0,-23.97922299651568,0.0,0.0,1.0,1.0,38.03898299651568,-43.88229736510447,0
85,42867964.37249033,5399.94336096602,0.0221002693006462,0.1897171687523013,0.3794369863177821,1,1,86.0,0.0,0.0,0.0,0.0,0.0,0.0,0.0,0.0,0.0,0.0,0.0,0.0,-7.68,0.0,0.0,0.0,-18.75783972125436,0.0,-5.0,-11.68,0.0,0.0,0.0,0.0,0.0,0.0,0.0,0.0,0.0,0.0,0.0,0.0,7.68,0.0,0.0,0.0,18.75783972125436,0.0,5.0,11.68,0.0,0.0,0.0,0.0,0.0,-7.68,0.0,0.0,-18.75783972125436,0.0,0.0,-5.0,1.0,30.43783972125436,-40.98915522633948,0
86,45995043.50863798,5518.904147785677,0.023735719787179,0.1942314270942656,0.3792370016257381,1,1,87.0,0.0,0.0,0.0,0.0,0.0,0.0,0.0,0.0,0.0,0.0,0.0,0.0,-7.68,0.0,0.0,0.0,-20.04703832752613,0.0,-5.0,-12.68,0.0,0.0,0.0,0.0,0.0,0.0,0.0,0.0,0.0,0.0,0.0,0.0,7.68,0.0,0.0,0.0,20.04703832752613,0.0,5.0,12.68,0.0,0.0,0.0,0.0,0.0,-7.68,0.0,0.0,-20.04703832752613,0.0,0.0,-5.0,0.0,32.72703832752613,-38.92597784209103,0
87,84056581.35174228,6211.584330402939,0.0436417592167972,0.2205168727128599,0.1454594207640113,1,1,88.0,0.0,0.0,0.0,0.0,0.0,0.0,0.0,0.0,0.0,0.0,0.0,7.68,-7.68,0.0,0.0,0.0,-32.70822157070675,0.0,-14.82097186700767,-22.50097186700767,0.0,0.0,0.0,0.0,0.0,0.0,0.0,0.0,0.0,0.0,0.0,-7.68,7.68,0.0,0.0,0.0,32.70822157070675,0.0,14.82097186700767,22.50097186700767,0.0,0.0,0.0,0.0,0.0,0.0,0.0,0.0,-32.70822157070675,0.0,0.0,-22.50097186700767,0.0,55.20919343771443,-40.070077912722326,0
88,80792599.38545999,6199.12751428219,0.0419347090711565,0.2200441683235333,0.0099248315823691,1,1,89.0,0.0,0.0,0.0,0.0,0.0,0.0,0.0,0.0,0.0,0.0,0.0,7.68,-7.68,0.0,0.0,0.0,-31.41902296443498,0.0,-14.82097186700767,-21.50097186700767,0.0,0.0,0.0,0.0,0.0,0.0,0.0,0.0,0.0,0.0,0.0,-7.68,7.68,0.0,0.0,0.0,31.41902296443498,0.0,14.82097186700767,21.50097186700767,0.0,0.0,0.0,0.0,0.0,0.0,0.0,0.0,-31.41902296443498,0.0,0.0,-22.50097186700767,1.0,52.91999483144265,-42.39307651735414,0
89,28518166.89476276,5118.220901674796,0.0145953798351662,0.1790265202119375,0.4650372003077531,2,1,90.0,0.0,0.0,0.0,0.0,0.0,0.0,0.0,0.0,0.0,0.0,0.0,3.91,0.0,0.0,0.0,0.0,-6.445993031358885,0.0,-5.0,-5.0,0.0,0.0,0.0,0.0,0.0,0.0,0.0,0.0,0.0,0.0,0.0,-3.91,0.0,0.0,0.0,0.0,6.445993031358885,0.0,5.0,5.0,0.0,0.0,0.0,0.0,0.0,3.91,0.0,0.0,-6.445993031358885,0.0,0.0,-8.91,0.0,11.44599303135888,-39.23584242350053,0
90,30474429.86184812,5237.18168849446,0.0156184979214092,0.183540778553902,0.2210923288160335,2,1,91.0,0.0,0.0,0.0,0.0,0.0,0.0,0.0,0.0,0.0,0.0,0.0,3.91,0.0,0.0,0.0,0.0,-7.735191637630662,0.0,-5.0,-6.0,0.0,0.0,0.0,0.0,0.0,0.0,0.0,0.0,0.0,0.0,0.0,-3.91,0.0,0.0,0.0,0.0,7.735191637630662,0.0,5.0,6.0,0.0,0.0,0.0,0.0,0.0,3.91,0.0,0.0,-7.735191637630662,0.0,0.0,-8.91,-1.0,13.73519163763066,-130.53577235497113,0
91,35657219.55480599,4413.834550104247,0.0183290772051133,0.1522968553488123,0.3007013506456699,2,1,92.0,17.43650793650794,0.0,-10.26031746031746,-5.85,-5.932539682539683,5.85,0.0,0.0,0.0,0.0,0.0,0.0,0.0,0.0,0.0,0.0,0.0,0.0,0.0,0.0,-17.43650793650794,0.0,10.26031746031746,5.85,5.932539682539683,-5.85,0.0,0.0,0.0,0.0,0.0,0.0,0.0,0.0,0.0,0.0,0.0,0.0,0.0,0.0,17.43650793650794,-39.47936507936508,16.11031746031746,0.0,5.932539682539683,0.0,0.0,0.0,0.0,0.0,0.0,0.0,0.0,0.0,-321.2907796465287,0
92,37001329.70384526,4561.846821857426,0.0190320416973737,0.15791354342173,0.1475229516379905,2,1,93.0,16.9,0.0,-10.80786324786325,-5.67,-5.75,6.67,0.0,0.0,0.0,0.0,0.0,0.0,0.0,0.0,0.0,0.0,0.0,0.0,0.0,0.0,-16.9,0.0,10.80786324786325,5.67,5.75,-6.67,0.0,0.0,0.0,0.0,0.0,0.0,0.0,0.0,0.0,0.0,0.0,0.0,0.0,0.0,16.9,-39.12786324786325,17.47786324786325,-1.0,5.75,0.0,0.0,0.0,0.0,0.0,0.0,0.0,0.0,0.0,-2125.0178772362883,0
93,50211378.83530983,4441.511655102093,0.0259408471156437,0.1533471308678147,0.0401193105707031,2,1,94.0,36.47722772277228,0.0,-5.85,-12.23821782178218,-12.41089108910891,-5.85,0.0,0.0,0.0,0.0,0.0,0.0,0.0,0.0,0.0,0.0,0.0,0.0,0.0,0.0,-36.47722772277228,0.0,5.85,12.23821782178218,12.41089108910891,5.85,0.0,0.0,0.0,0.0,0.0,0.0,0.0,0.0,0.0,0.0,0.0,0.0,0.0,0.0,36.47722772277228,-66.97633663366337,0.0,18.08821782178218,12.41089108910891,0.0,0.0,0.0,0.0,0.0,0.0,0.0,0.0,0.0,-2229.9630264474727,0
94,36953079.476056814,2430.074831048254,0.0190068070118808,0.0770182353967003,0.3790650559421662,2,1,95.0,16.9,0.0,28.32,-5.67,-5.75,-38.65633663366336,0.0,0.0,0.0,0.0,0.0,0.0,0.0,0.0,0.0,0.0,0.0,0.0,0.0,0.0,-16.9,0.0,-28.32,5.67,5.75,38.65633663366336,0.0,0.0,0.0,0.0,0.0,0.0,0.0,0.0,0.0,0.0,0.0,0.0,0.0,0.0,16.9,0.0,-66.97633663366337,44.32633663366337,5.75,0.0,0.0,0.0,0.0,0.0,0.0,0.0,0.0,0.0,-2237.4420670374325,0
95,25693590.111853965,4778.58985114254,0.0131181369280525,0.1661383883825844,0.0828084467926066,2,1,96.0,0.0,0.0,0.0,0.0,0.0,0.0,0.0,4.78,0.0,0.0,0.0,0.0,0.0,0.0,-9.09,0.0,0.0,0.0,0.0,0.0,0.0,0.0,0.0,0.0,0.0,0.0,0.0,-4.78,0.0,0.0,0.0,0.0,0.0,0.0,9.09,0.0,0.0,0.0,0.0,0.0,0.0,0.0,0.0,4.78,0.0,0.0,-13.87,0.0,9.09,0.0,0.0,0.0,0.0,0.0,-2243.907253010571,0
96,34049157.39377242,5519.075946825115,0.0174880668151821,0.1942379464294823,0.3885459280053419,2,1,97.0,0.0,0.0,0.0,0.0,0.0,0.0,0.0,4.78,0.0,0.0,0.0,0.0,0.0,13.87,-9.09,0.0,0.0,0.0,0.0,0.0,0.0,0.0,0.0,0.0,0.0,0.0,0.0,-4.78,0.0,0.0,0.0,0.0,0.0,-13.87,9.09,0.0,0.0,0.0,0.0,0.0,0.0,0.0,0.0,4.78,0.0,0.0,0.0,-13.87,9.09,0.0,0.0,0.0,0.0,0.0,-2245.303761861619,0
97,35529197.82515097,5621.876173727073,0.0182621223277548,0.1981389527547977,0.5383083430143214,2,1,98.0,0.0,0.0,0.0,0.0,0.0,0.0,0.0,4.78,0.0,0.0,0.0,0.0,0.0,14.87,-9.09,0.0,0.0,0.0,0.0,0.0,0.0,0.0,0.0,0.0,0.0,0.0,0.0,-4.78,0.0,0.0,0.0,0.0,0.0,-14.87,9.09,0.0,0.0,0.0,0.0,0.0,0.0,0.0,0.0,4.78,0.0,0.0,1.0,-14.87,9.09,0.0,0.0,0.0,0.0,0.0,-2245.5112131969754,0
98,31447271.654602118,5133.383295734413,0.0161272904763808,0.1796018943810033,0.4710964969452812,2,1,99.0,0.0,0.0,0.0,0.0,0.0,0.0,0.0,6.22083608360836,0.0,0.0,0.0,0.0,0.0,0.0,-11.83,-11.83,0.0,5.21,0.0,0.0,0.0,0.0,0.0,0.0,0.0,0.0,0.0,-6.22083608360836,0.0,0.0,0.0,0.0,0.0,0.0,11.83,11.83,0.0,-5.21,0.0,0.0,0.0,0.0,0.0,6.22083608360836,0.0,0.0,-18.05083608360836,0.0,0.0,17.04,-5.21,0.0,0.0,0.0,-2363.3257064124173,0
99,32208633.287656423,5149.935529444112,0.0165254797127236,0.1802300094187378,0.622190484821923,2,1,100.0,0.0,0.0,0.0,0.0,0.0,0.0,0.0,6.746688668866887,0.0,0.0,0.0,0.0,0.0,0.0,-12.83,-11.83,0.0,5.21,0.0,0.0,0.0,0.0,0.0,0.0,0.0,0.0,0.0,-6.746688668866887,0.0,0.0,0.0,0.0,0.0,0.0,12.83,11.83,0.0,-5.21,0.0,0.0,0.0,0.0,0.0,6.746688668866887,0.0,0.0,-19.57668866886689,0.0,1.0,17.04,-5.21,0.0,0.0,0.0,-2374.114827344532,0
100,35204347.24389467,5437.158478168731,0.0180922267101401,0.1911293874990905,0.0832848180446053,2,1,101.0,0.0,0.0,-5.05,0.0,0.0,5.85,0.0,5.85,0.0,0.0,0.0,0.0,0.0,0.0,-11.12479079497908,0.0,0.0,0.0,0.0,0.0,0.0,0.0,5.05,0.0,0.0,-5.85,0.0,-5.85,0.0,0.0,0.0,0.0,0.0,0.0,11.12479079497908,0.0,0.0,0.0,0.0,0.0,0.0,-5.05,10.9,0.0,0.0,0.0,-16.97479079497908,0.0,11.12479079497908,0.0,0.0,0.0,0.0,0.0,-2385.501716057385,0
101,35174952.26701488,5560.201413812213,0.0180768532491093,0.1957985529736801,0.4726743517625982,2,1,102.0,0.0,0.0,-5.05,0.0,0.0,5.85,0.0,4.85,0.0,0.0,0.0,0.0,0.0,0.0,-9.223117154811716,0.0,0.0,0.0,0.0,0.0,0.0,0.0,5.05,0.0,0.0,-5.85,0.0,-4.85,0.0,0.0,0.0,0.0,0.0,0.0,9.223117154811716,0.0,0.0,0.0,0.0,0.0,0.0,-5.05,10.9,-1.0,0.0,0.0,-14.07311715481172,0.0,9.223117154811716,0.0,0.0,0.0,0.0,0.0,-2394.5789086084596,0
102,37194754.01121196,5614.659404100928,0.019133201873953,0.1978650947604298,0.143774734586094,2,1,103.0,0.0,0.0,0.0,0.0,0.0,0.0,0.0,4.78,0.0,0.0,0.0,0.0,0.0,0.0,-9.09,0.0,-9.09,0.0,0.0,-7.050891891891892,0.0,0.0,0.0,0.0,0.0,0.0,0.0,-4.78,0.0,0.0,0.0,0.0,0.0,0.0,9.09,0.0,9.09,0.0,0.0,7.050891891891892,0.0,0.0,0.0,4.78,0.0,0.0,-13.87,0.0,0.0,0.0,0.0,0.0,-7.050891891891892,16.14089189189189,-2396.49001278676,1
103,36560189.434851214,5616.942670472147,0.018801327015671,0.197951738893667,0.3131517533975979,2,1,104.0,0.0,0.0,0.0,0.0,0.0,0.0,0.0,4.78,0.0,0.0,0.0,0.0,0.0,0.0,-9.09,0.0,-8.09,0.0,0.0,-6.275216216216216,0.0,0.0,0.0,0.0,0.0,0.0,0.0,-4.78,0.0,0.0,0.0,0.0,0.0,0.0,9.09,0.0,8.09,0.0,0.0,6.275216216216216,0.0,0.0,0.0,4.78,0.0,0.0,-13.87,0.0,1.0,0.0,0.0,0.0,-6.275216216216216,14.36521621621622,-2400.395135616443,1
104,37807353.31345335,3670.244136868688,0.0194535889774705,0.1240794963711681,0.2317016729895511,2,1,105.0,30.06730434782609,4.48,-2.111693657758277,-4.417669565217391,-4.48,-2.111693657758277,0.0,0.0,0.0,0.0,0.0,0.0,0.0,0.0,0.0,0.0,0.0,0.0,0.0,0.0,-30.06730434782609,-4.48,2.111693657758277,4.417669565217391,4.48,2.111693657758277,0.0,0.0,0.0,0.0,0.0,0.0,0.0,0.0,0.0,0.0,0.0,0.0,0.0,0.0,34.54730434782608,-41.07666757080175,0.0,6.529363222975668,0.0,0.0,0.0,0.0,0.0,0.0,0.0,0.0,0.0,0.0,-2397.346331121919,1
105,35007854.24744594,3921.6502101010415,0.0179894616208503,0.133619715410154,0.0288852341107687,2,1,106.0,27.12817391304348,4.48,-1.640333466294376,-3.431582608695652,-3.48,-1.640333466294376,0.0,0.0,0.0,0.0,0.0,0.0,0.0,0.0,0.0,0.0,0.0,0.0,0.0,0.0,-27.12817391304348,-4.48,1.640333466294376,3.431582608695652,3.48,1.640333466294376,0.0,0.0,0.0,0.0,0.0,0.0,0.0,0.0,0.0,0.0,0.0,0.0,0.0,0.0,31.60817391304348,-35.68008998803351,0.0,5.071916074990028,-1.0,0.0,0.0,0.0,0.0,0.0,0.0,0.0,0.0,0.0,-2401.3637942641485,1
106,45092105.90862892,5895.284096831816,0.0232634868589574,0.2085140858606823,0.3825833645998592,2,1,107.0,0.0,8.347350427350428,5.05,10.56461538461538,10.71367521367521,5.05,0.0,0.0,0.0,0.0,0.0,0.0,0.0,0.0,0.0,0.0,0.0,0.0,0.0,0.0,0.0,-8.347350427350428,-5.05,-10.56461538461538,-10.71367521367521,-5.05,0.0,0.0,0.0,0.0,0.0,0.0,0.0,0.0,0.0,0.0,0.0,0.0,0.0,0.0,8.347350427350428,26.3282905982906,0.0,-15.61461538461539,-19.06102564102564,0.0,0.0,0.0,0.0,0.0,0.0,0.0,0.0,0.0,-2403.275440185458,1
107,122611683.53727365,7290.09678518402,0.0638059309189974,0.2614436686434274,0.3718021615828143,2,1,108.0,-16.9,16.9,12.93452346821756,27.0590625,27.44084821428572,12.93452346821756,0.0,0.0,0.0,0.0,0.0,0.0,0.0,0.0,0.0,0.0,0.0,0.0,0.0,0.0,16.9,-16.9,-12.93452346821756,-27.0590625,-27.44084821428572,-12.93452346821756,0.0,0.0,0.0,0.0,0.0,0.0,0.0,0.0,0.0,0.0,0.0,0.0,0.0,0.0,0.0,84.33443418250327,0.0,-39.99358596821756,-44.34084821428571,0.0,0.0,0.0,0.0,0.0,0.0,0.0,0.0,0.0,-2401.799766904922,1
